{"cameraMode":{"drawMode":0,"name":"Shaded","section":"Shading Mode"},"sceneLighting":false,"audioPlay":false,"sceneViewState":{"m_AlwaysRefresh":false,"showFog":true,"showSkybox":false,"showFlares":true,"showImageEffects":true,"showParticleSystems":true,"showVisualEffectGraphs":true,"m_FxEnabled":true},"in2DMode":false,"pivot":{"x":0.07497607171535492,"y":0.08611983805894852,"z":0.0001360177993774414},"rotation":{"x":-0.021663662046194078,"y":-0.11462412774562836,"z":0.0025021135807037355,"w":-0.993179976940155},"size":0.24682654440402986,"orthographic":true}