{"cameraMode":{"drawMode":0,"name":"Shaded","section":"Shading Mode"},"sceneLighting":true,"audioPlay":false,"sceneViewState":{"m_AlwaysRefresh":false,"showFog":true,"showSkybox":true,"showFlares":true,"showImageEffects":true,"showParticleSystems":true,"showVisualEffectGraphs":true,"m_FxEnabled":true},"in2DMode":false,"pivot":{"x":-0.032000064849853519,"y":0.04500001668930054,"z":0.20000000298023225},"rotation":{"x":-0.07572595775127411,"y":-0.017352163791656495,"z":0.001320383627898991,"w":-0.9969885945320129},"size":0.8934959769248962,"orthographic":true}